{
    "Outputs": {
        "CodeBucket": {
            "Description": "CodeBucket name",
            "Value": {
                "Fn::Join": [
                    "-",
                    [
                        "gordon-tcelambda-db24ccd4",
                        {
                            "Ref": "AWS::Region"
                        },
                        {
                            "Ref": "Stage"
                        }
                    ]
                ]
            }
        }
    },
    "Parameters": {
        "Region": {
            "Description": "AWS Region",
            "Type": "String"
        },
        "Stage": {
            "Default": "dev",
            "Description": "Name of the Stage",
            "Type": "String"
        }
    },
    "Resources": {
        "CodeBucket": {
            "Properties": {
                "AccessControl": "Private",
                "BucketName": {
                    "Fn::Join": [
                        "-",
                        [
                            "gordon-tcelambda-db24ccd4",
                            {
                                "Ref": "AWS::Region"
                            },
                            {
                                "Ref": "Stage"
                            }
                        ]
                    ]
                },
                "VersioningConfiguration": {
                    "Status": "Enabled"
                }
            },
            "Type": "AWS::S3::Bucket"
        }
    }
}