{
    "_type": "ActionsTemplate", 
    "actions": [
        {
            "_type": "InjectContextAndUploadToS3", 
            "bucket": {
                "_type": "Ref", 
                "name": "CodeBucket"
            }, 
            "context_destinaton": ".context", 
            "context_to_inject": {}, 
            "filename": "code/contrib_helpers_sleep.zip", 
            "key": "contrib_helpers_sleep.zip", 
            "name": "sleep-upload"
        }, 
        {
            "_type": "InjectContextAndUploadToS3", 
            "bucket": {
                "_type": "Ref", 
                "name": "CodeBucket"
            }, 
            "context_destinaton": ".context", 
            "context_to_inject": {}, 
            "filename": "code/contrib_lambdas_version.zip", 
            "key": "contrib_lambdas_version.zip", 
            "name": "version-upload"
        }, 
        {
            "_type": "InjectContextAndUploadToS3", 
            "bucket": {
                "_type": "Ref", 
                "name": "CodeBucket"
            }, 
            "context_destinaton": ".context", 
            "context_to_inject": {}, 
            "filename": "code/tornadoapp_helloworld.zip", 
            "key": "tornadoapp_helloworld.zip", 
            "name": "helloworld-upload"
        }
    ], 
    "outputs": {
        "HelloworldS3Url": {
            "_type": "Output", 
            "default": "", 
            "name": "HelloworldS3Url", 
            "value": {
                "_type": "GetAttr", 
                "action": "helloworld-upload", 
                "attr": "s3url"
            }
        }, 
        "HelloworldS3Version": {
            "_type": "Output", 
            "default": "", 
            "name": "HelloworldS3Version", 
            "value": {
                "_type": "GetAttr", 
                "action": "helloworld-upload", 
                "attr": "s3version"
            }
        }, 
        "SleepS3Url": {
            "_type": "Output", 
            "default": "", 
            "name": "SleepS3Url", 
            "value": {
                "_type": "GetAttr", 
                "action": "sleep-upload", 
                "attr": "s3url"
            }
        }, 
        "SleepS3Version": {
            "_type": "Output", 
            "default": "", 
            "name": "SleepS3Version", 
            "value": {
                "_type": "GetAttr", 
                "action": "sleep-upload", 
                "attr": "s3version"
            }
        }, 
        "VersionS3Url": {
            "_type": "Output", 
            "default": "", 
            "name": "VersionS3Url", 
            "value": {
                "_type": "GetAttr", 
                "action": "version-upload", 
                "attr": "s3url"
            }
        }, 
        "VersionS3Version": {
            "_type": "Output", 
            "default": "", 
            "name": "VersionS3Version", 
            "value": {
                "_type": "GetAttr", 
                "action": "version-upload", 
                "attr": "s3version"
            }
        }
    }, 
    "parallelizable": false, 
    "parameters": {
        "CodeBucket": {
            "_type": "Parameter", 
            "default": "", 
            "name": "CodeBucket"
        }
    }
}